URL,fashion,selfie,ulzzang,smile,selca,music,ootd,food,art,me,girl,nature,cute,friends,boy,catstagram,dogstagram
https://instagram.ficn2-1.fna.fbcdn.net/v/t51.2885-15/e35/s1080x1080/79387273_179264136465931_6726339586543344705_n.jpg?_nc_ht=instagram.ficn2-1.fna.fbcdn.net&_nc_cat=107&_nc_ohc=6TvWONQ1WfoAX_tFRqx&oh=9aaf76e6ac84f445915e7248d3e2a5c9&oe=5E9B9AF4,0,0,0,0,0,0,0,0,0,0,0,0,0,0,0,0,0
https://instagram.ficn2-1.fna.fbcdn.net/v/t51.2885-15/e35/s1080x1080/79376407_469279173771992_5007974553483197886_n.jpg?_nc_ht=instagram.ficn2-1.fna.fbcdn.net&_nc_cat=108&_nc_ohc=dHPMEqj5FZMAX8_BNAl&oh=c27d321ef5459cd7b0cd8fd70b1140b4&oe=5E93D3B6,1,0,0,0,0,0,1,0,0,1,0,0,0,0,0,0,0
https://instagram.ficn2-1.fna.fbcdn.net/v/t51.2885-15/e35/s1080x1080/79194650_445530289419821_3521755438758286766_n.jpg?_nc_ht=instagram.ficn2-1.fna.fbcdn.net&_nc_cat=105&_nc_ohc=ElgR5FGHT5UAX8rsBIa&oh=40390226e23318fcb18e12d1486956e9&oe=5E9C0C49,0,0,0,0,0,0,0,0,0,0,0,0,0,0,0,0,0
https://instagram.ficn2-1.fna.fbcdn.net/v/t51.2885-15/e35/81662245_103935574395172_8533230042741861045_n.jpg?_nc_ht=instagram.ficn2-1.fna.fbcdn.net&_nc_cat=104&_nc_ohc=4lqdB-Xu0hIAX_CNalG&oh=9e2e506d77cb7584d07acec8e1ce615f&oe=5EA0AD6A,0,0,0,0,0,0,0,0,0,0,0,0,1,0,0,0,0
https://instagram.ficn2-1.fna.fbcdn.net/v/t51.2885-15/e35/s1080x1080/76913705_206710703684190_5213810262603805542_n.jpg?_nc_ht=instagram.ficn2-1.fna.fbcdn.net&_nc_cat=106&_nc_ohc=bErYZJvqqzIAX8hMfEJ&oh=e7efc50204bc0ae1dc4eee7b9dbbc787&oe=5EB03390,0,0,1,0,0,0,1,0,0,0,0,0,1,0,0,0,0
https://instagram.ficn2-1.fna.fbcdn.net/v/t51.2885-15/e35/81169546_156381132363946_4847432456068816573_n.jpg?_nc_ht=instagram.ficn2-1.fna.fbcdn.net&_nc_cat=110&_nc_ohc=OlCBG5RBt9sAX_etdNa&oh=3bfbb78469a8e4c7d87207f9df3810d9&oe=5EAC9709,0,0,0,0,0,0,0,0,0,0,0,0,0,0,0,0,0
https://instagram.ficn2-1.fna.fbcdn.net/v/t51.2885-15/e35/79374469_178251043340675_4251117227912445327_n.jpg?_nc_ht=instagram.ficn2-1.fna.fbcdn.net&_nc_cat=111&_nc_ohc=rwIG5SCy054AX8Yp0e6&oh=b2aff18da10658a778bfe127a54c9b93&oe=5EB1AA0C,0,0,0,0,0,0,0,0,0,0,0,0,1,0,0,0,0
https://instagram.ficn2-1.fna.fbcdn.net/v/t51.2885-15/e35/79377625_595045241259710_8024153514825212075_n.jpg?_nc_ht=instagram.ficn2-1.fna.fbcdn.net&_nc_cat=102&_nc_ohc=3iBq9eMLHEcAX917yoN&oh=4a71ebfe04ea5d93c115ba3978b3bf17&oe=5E9CBDEA,0,0,0,0,0,0,0,0,0,0,0,0,1,0,0,0,0
https://instagram.ficn2-1.fna.fbcdn.net/v/t51.2885-15/e35/79183733_2702147090012849_1099766766732629306_n.jpg?_nc_ht=instagram.ficn2-1.fna.fbcdn.net&_nc_cat=105&_nc_ohc=UTZVaS0UOAwAX9isgZs&oh=eaa16ab2f02c44c09c8eba3342ad344c&oe=5EAA1890,0,0,0,0,0,0,0,0,0,0,0,0,1,0,0,0,0
https://instagram.ficn2-1.fna.fbcdn.net/v/t51.2885-15/e35/77120161_2618863061494484_7310354948342259467_n.jpg?_nc_ht=instagram.ficn2-1.fna.fbcdn.net&_nc_cat=108&_nc_ohc=hzgV9hyBV1YAX_FZhVT&oh=39c7b50769c4a35ad5ac581c99f3cf09&oe=5EA10BA4,0,0,0,0,0,0,0,0,0,0,0,0,1,0,0,0,0
https://instagram.ficn2-1.fna.fbcdn.net/v/t51.2885-15/e35/81271967_2640356116059004_2163418030206412624_n.jpg?_nc_ht=instagram.ficn2-1.fna.fbcdn.net&_nc_cat=104&_nc_ohc=gYnXa5kghnIAX-kixOd&oh=84e30fbedb65426491f0ccc0eea28eda&oe=5E9F0E63,0,0,0,0,0,0,0,0,0,0,0,0,1,0,0,0,0
https://instagram.ficn2-1.fna.fbcdn.net/v/t51.2885-15/e35/80022436_171614557242782_2094429397638130775_n.jpg?_nc_ht=instagram.ficn2-1.fna.fbcdn.net&_nc_cat=102&_nc_ohc=hZBS4ZpXx1cAX_x864n&oh=26d69368dead5e4280b894e94b573a85&oe=5E07FF8D,0,0,0,0,0,0,0,0,0,0,0,0,0,0,0,0,0
https://instagram.ficn2-1.fna.fbcdn.net/v/t51.2885-15/e35/79723971_595819854322096_5179272906760824427_n.jpg?_nc_ht=instagram.ficn2-1.fna.fbcdn.net&_nc_cat=104&_nc_ohc=T46GLxjubeQAX-Sk3to&oh=f369da9b2559e0a43e591fef1fb8cd27&oe=5E912DE9,0,0,0,0,0,0,0,0,0,0,0,0,0,0,0,0,0
https://instagram.ficn2-1.fna.fbcdn.net/v/t51.2885-15/e35/80563694_492427534805750_3394818601490615467_n.jpg?_nc_ht=instagram.ficn2-1.fna.fbcdn.net&_nc_cat=102&_nc_ohc=SW4zxCYadIQAX96kccR&oh=0152ba48749c7508eb8d53160fbf0aac&oe=5EA3BD12,1,1,1,0,1,0,0,0,0,1,0,0,0,0,0,0,0
https://instagram.ficn2-1.fna.fbcdn.net/v/t51.2885-15/e35/77380744_1048812732118660_9186790005098950517_n.jpg?_nc_ht=instagram.ficn2-1.fna.fbcdn.net&_nc_cat=104&_nc_ohc=82fcTzY8OS0AX9SBInu&oh=1553b167645164e06fbb146767dc598e&oe=5E8F7B9B,0,0,0,0,0,0,0,0,0,0,0,0,1,0,0,0,0
https://instagram.ficn2-1.fna.fbcdn.net/v/t51.2885-15/e35/79004450_101600574661678_8098428238666726237_n.jpg?_nc_ht=instagram.ficn2-1.fna.fbcdn.net&_nc_cat=110&_nc_ohc=8sVaLAu7YCgAX8FImn8&oh=91886745816d5b8b3b04dc86b07049ed&oe=5EA7D3DA,1,0,0,0,0,0,0,0,0,0,0,1,0,0,0,0,0
https://instagram.ficn2-1.fna.fbcdn.net/v/t51.2885-15/e35/79191080_2792565387462568_6297546085753992665_n.jpg?_nc_ht=instagram.ficn2-1.fna.fbcdn.net&_nc_cat=104&_nc_ohc=IJNwWwTvle4AX-bHD6-&oh=465c1b47c1daee3881c86c0a12fd9da0&oe=5E94E2F8,0,0,0,0,0,0,0,0,0,0,0,0,1,0,0,0,0
https://instagram.ficn2-1.fna.fbcdn.net/v/t51.2885-15/e35/79741191_189191265548914_2134755718659740863_n.jpg?_nc_ht=instagram.ficn2-1.fna.fbcdn.net&_nc_cat=110&_nc_ohc=LSz0e8AmvJkAX-zAEb8&oh=cc8cec90b9096a576cb6d55dac231325&oe=5E93032E,0,0,0,0,0,0,0,0,0,0,0,0,1,0,0,0,0
https://instagram.ficn2-1.fna.fbcdn.net/v/t51.2885-15/e35/79172090_834786570292880_3651245468869298199_n.jpg?_nc_ht=instagram.ficn2-1.fna.fbcdn.net&_nc_cat=108&_nc_ohc=vKDlsQGNkFcAX-Skysb&oh=756711b8276bf4e8677c68fad7e283f9&oe=5EA85A2C,0,0,0,0,0,0,0,0,0,0,0,0,0,0,0,0,0
https://instagram.ficn2-1.fna.fbcdn.net/v/t51.2885-15/e35/s1080x1080/80389027_495426054722582_5570591572670061097_n.jpg?_nc_ht=instagram.ficn2-1.fna.fbcdn.net&_nc_cat=102&_nc_ohc=I23srxOrrjEAX8Fxptf&oh=474a4d53100bf15c2fbbe509ccf24b2a&oe=5E9B4971,0,0,0,0,0,0,0,0,0,0,0,0,0,0,0,0,0
https://instagram.ficn2-1.fna.fbcdn.net/v/t51.2885-15/e35/75352122_2558021024319424_7617814613898870257_n.jpg?_nc_ht=instagram.ficn2-1.fna.fbcdn.net&_nc_cat=104&_nc_ohc=iuLMb_YCdvUAX_L5uGD&oh=437134f91677ce63f15a812de1f17c3a&oe=5EB1B4F8,0,0,0,0,0,0,0,0,0,0,0,0,0,0,0,0,0
https://instagram.ficn2-1.fna.fbcdn.net/v/t51.2885-15/e35/80006931_628874667854912_8753234214272451992_n.jpg?_nc_ht=instagram.ficn2-1.fna.fbcdn.net&_nc_cat=108&_nc_ohc=xIaJzroUE0QAX8pi9nT&oh=3a5ac5ac0773bf6f3b3171ec530ec654&oe=5E9A0A5E,0,0,0,0,0,0,0,0,0,0,0,0,0,0,0,0,0
https://instagram.ficn2-1.fna.fbcdn.net/v/t51.2885-15/e35/79346593_171537427566762_6584557844271591982_n.jpg?_nc_ht=instagram.ficn2-1.fna.fbcdn.net&_nc_cat=106&_nc_ohc=JsrqQ2YTrNYAX9oggGy&oh=67862e950082bdf10c694dc234107df4&oe=5E9996D8,0,0,0,0,0,0,0,0,0,0,0,0,1,0,0,0,0
https://instagram.ficn2-1.fna.fbcdn.net/v/t51.2885-15/e35/77106977_594896614669718_3004145175613419515_n.jpg?_nc_ht=instagram.ficn2-1.fna.fbcdn.net&_nc_cat=102&_nc_ohc=0UTZjqbOxfIAX-hkmwR&oh=294208bcfb5508559e441b8de80dcf09&oe=5E0863C4,0,0,0,0,0,0,0,0,0,0,0,0,0,0,0,0,0
https://instagram.ficn2-1.fna.fbcdn.net/v/t51.2885-15/e35/76966269_2537479309802465_4068127950801766179_n.jpg?_nc_ht=instagram.ficn2-1.fna.fbcdn.net&_nc_cat=105&_nc_ohc=y3ii2ilJkssAX9OlbNR&oh=25e0e085304d599b1e176a4696d68f78&oe=5E9C659E,0,0,0,0,0,0,0,0,0,0,0,0,0,0,0,0,0
https://instagram.ficn2-1.fna.fbcdn.net/v/t51.2885-15/e35/77309731_167024477841648_2450083773974179183_n.jpg?_nc_ht=instagram.ficn2-1.fna.fbcdn.net&_nc_cat=100&_nc_ohc=wFpJ3dzpprwAX99USXh&oh=81a59c3bba80e2f0d627840c765b8d68&oe=5EB14C6F,0,0,0,0,0,0,0,0,0,0,0,0,1,0,0,0,0
https://instagram.ficn2-1.fna.fbcdn.net/v/t51.2885-15/e35/79476344_497638880869458_3230798326845703441_n.jpg?_nc_ht=instagram.ficn2-1.fna.fbcdn.net&_nc_cat=106&_nc_ohc=4m-N7m63f7oAX9vz9My&oh=c6ebb7900bfe90c54afcc25e380050ab&oe=5EAF3DFD,0,0,0,0,0,0,1,0,0,0,0,0,0,0,0,0,0
https://instagram.ficn2-1.fna.fbcdn.net/v/t51.2885-15/e35/78930005_160299805204239_8057071314388690937_n.jpg?_nc_ht=instagram.ficn2-1.fna.fbcdn.net&_nc_cat=103&_nc_ohc=XVhwwe0vouUAX_b_-pX&oh=70869062d4a94878cbcb16d4f4b5d0eb&oe=5E986C07,0,0,0,0,0,0,0,0,0,0,0,0,1,0,0,0,0
https://instagram.ficn2-1.fna.fbcdn.net/v/t51.2885-15/e35/79226298_228211408171991_6912083745004298901_n.jpg?_nc_ht=instagram.ficn2-1.fna.fbcdn.net&_nc_cat=111&_nc_ohc=-0JNU2qRqFIAX_S1HuP&oh=9bb2794490edee73136d9dde0301546a&oe=5E8E231F,0,0,0,0,0,0,0,0,0,0,0,0,0,0,0,0,0
https://instagram.ficn2-1.fna.fbcdn.net/v/t51.2885-15/e35/79543579_622953661843908_2380125165707423886_n.jpg?_nc_ht=instagram.ficn2-1.fna.fbcdn.net&_nc_cat=100&_nc_ohc=LAbfwXUtmRoAX8-3eoS&oh=d41492c5909f61adf87a74fca7f12d9f&oe=5EA9692A,0,0,0,0,0,0,0,0,0,0,0,0,0,0,0,0,0
https://instagram.ficn2-1.fna.fbcdn.net/v/t51.2885-15/e35/77305151_2791832454208798_3438465950473621415_n.jpg?_nc_ht=instagram.ficn2-1.fna.fbcdn.net&_nc_cat=110&_nc_ohc=JQ3c7tx_bZoAX_lz-a2&oh=9985e748d143f0791e87ca6ea8a06e62&oe=5E99E5F6,0,0,0,0,0,0,0,0,0,0,0,0,0,0,0,0,0
https://instagram.ficn2-1.fna.fbcdn.net/v/t51.2885-15/e35/s1080x1080/78790349_2786481064743128_2354731130743559657_n.jpg?_nc_ht=instagram.ficn2-1.fna.fbcdn.net&_nc_cat=108&_nc_ohc=oTgzNCGUjcsAX_rJmuc&oh=755da8ef81e92b32ac6254506df8bea9&oe=5E9A5ED4,0,0,0,0,0,0,0,0,0,0,0,0,0,0,0,0,0
https://instagram.ficn2-1.fna.fbcdn.net/v/t51.2885-15/e35/p1080x1080/78709671_161689591903386_6044037236749821316_n.jpg?_nc_ht=instagram.ficn2-1.fna.fbcdn.net&_nc_cat=106&_nc_ohc=ig7tjU8L4kYAX9vgtet&oh=e1aec167d64083a3bbfae70df1355a6a&oe=5EAE8B2D,0,0,0,0,0,0,0,0,0,0,0,0,0,0,0,0,0
https://instagram.ficn2-1.fna.fbcdn.net/v/t51.2885-15/e35/74649512_574003056773371_3699403528401888240_n.jpg?_nc_ht=instagram.ficn2-1.fna.fbcdn.net&_nc_cat=107&_nc_ohc=N0VVEZY5RS8AX_3wESU&oh=04f106971f345770e7b22a804d7d4b42&oe=5EA59536,0,0,0,0,0,0,0,0,0,0,0,0,1,0,0,0,0
https://instagram.ficn2-1.fna.fbcdn.net/v/t51.2885-15/e35/79378171_190108945499106_7249630284870012214_n.jpg?_nc_ht=instagram.ficn2-1.fna.fbcdn.net&_nc_cat=106&_nc_ohc=f6CZIC0TL5MAX-hqadi&oh=f58405e439072c33d7c6b33813ea53cd&oe=5E9AC251,0,0,0,0,0,0,0,0,0,0,0,0,1,0,0,0,0
https://instagram.ficn2-1.fna.fbcdn.net/v/t51.2885-15/e35/78713431_3074938449397447_6913391359857491868_n.jpg?_nc_ht=instagram.ficn2-1.fna.fbcdn.net&_nc_cat=107&_nc_ohc=Wbkd9vpkUwQAX9gOiuY&oh=586d9a844ed7a8befe48237c02629d92&oe=5E086E79,0,0,0,0,0,1,0,0,0,0,0,0,0,0,1,0,0
https://instagram.ficn2-1.fna.fbcdn.net/v/t51.2885-15/e35/79912818_166483447929482_6760515957330194070_n.jpg?_nc_ht=instagram.ficn2-1.fna.fbcdn.net&_nc_cat=102&_nc_ohc=_4xVZdhOpl8AX8xmxFM&oh=94e3adcd91bfb669d8135f53acf18b09&oe=5EA00B54,0,0,0,0,0,0,0,0,0,0,0,0,1,0,0,0,0
https://instagram.ficn2-1.fna.fbcdn.net/v/t51.2885-15/e35/80791550_2535189526758051_9124946541300594955_n.jpg?_nc_ht=instagram.ficn2-1.fna.fbcdn.net&_nc_cat=103&_nc_ohc=Iw8kR_YgiRsAX-JpxM9&oh=b1dfc66524e6809fe872ead555ffdd4c&oe=5E96CC92,0,0,0,0,0,0,1,0,0,0,0,0,0,0,0,0,0
https://instagram.ficn2-1.fna.fbcdn.net/v/t51.2885-15/e35/76963333_462285021100722_7013308257861776252_n.jpg?_nc_ht=instagram.ficn2-1.fna.fbcdn.net&_nc_cat=106&_nc_ohc=NnyMJBZ-k08AX9OCiqU&oh=88c6e017452eb9f14c6351bbe9c112d5&oe=5E085EEC,1,0,0,0,0,0,0,0,0,0,0,0,1,0,0,0,0
https://instagram.ficn2-1.fna.fbcdn.net/v/t51.2885-15/e35/76890067_2819751898064117_7173454518763081371_n.jpg?_nc_ht=instagram.ficn2-1.fna.fbcdn.net&_nc_cat=105&_nc_ohc=dH7z3KKHWwcAX8OymSC&oh=34385953463d9af7dd0515d6255b621d&oe=5E9679F8,0,0,0,0,0,0,0,0,0,0,0,0,1,0,0,0,0
https://instagram.ficn2-1.fna.fbcdn.net/v/t51.2885-15/e35/p1080x1080/81183695_2439100432868245_6101546144517345434_n.jpg?_nc_ht=instagram.ficn2-1.fna.fbcdn.net&_nc_cat=101&_nc_ohc=sgAVg9vvBr4AX-aHDIc&oh=131a7c92b34fc66fdc6c4223f12d38aa&oe=5EA36529,0,0,0,0,0,0,0,0,0,0,0,0,0,0,0,0,0
https://instagram.ficn2-1.fna.fbcdn.net/v/t51.2885-15/e35/79221945_169063464457507_5296537558680818214_n.jpg?_nc_ht=instagram.ficn2-1.fna.fbcdn.net&_nc_cat=107&_nc_ohc=shkVhK11ipUAX8VexUm&oh=9c97dd203fb757741d711d2d73b6822d&oe=5EA60023,0,0,0,0,0,0,0,0,0,0,0,0,1,0,0,0,0
https://instagram.ficn2-1.fna.fbcdn.net/v/t51.2885-15/e35/80055339_920825104977791_2866940625257318022_n.jpg?_nc_ht=instagram.ficn2-1.fna.fbcdn.net&_nc_cat=111&_nc_ohc=tgVO68Q5kNEAX84zi5k&oh=5debce93bdf70e9310f0512cf22ad8b2&oe=5E0834AF,0,0,0,0,0,0,0,0,0,0,0,0,0,0,0,0,0
https://instagram.ficn2-1.fna.fbcdn.net/v/t51.2885-15/e35/79372689_187695562372676_8299371126753691513_n.jpg?_nc_ht=instagram.ficn2-1.fna.fbcdn.net&_nc_cat=108&_nc_ohc=PG9j9YDDH7gAX-hm5eH&oh=f2d29f172cf7a8018f1e963331d65bb1&oe=5E07F394,0,0,0,0,0,0,0,0,0,0,0,0,0,0,0,0,0
https://instagram.ficn2-1.fna.fbcdn.net/v/t51.2885-15/e35/81614938_1383950598433032_8454149951338469849_n.jpg?_nc_ht=instagram.ficn2-1.fna.fbcdn.net&_nc_cat=100&_nc_ohc=jO-McOdZuI8AX-kxMwE&oh=a519e0d27adfeea3aa35a4e1f125f789&oe=5E9155F2,0,0,0,0,0,0,0,0,0,0,0,0,0,0,0,0,0
https://instagram.ficn2-1.fna.fbcdn.net/v/t51.2885-15/e35/s1080x1080/80074810_218694772458901_1399726968855079508_n.jpg?_nc_ht=instagram.ficn2-1.fna.fbcdn.net&_nc_cat=101&_nc_ohc=6t9iGo8xnt8AX-__GHS&oh=1f1024bdb80efc009afc1d0eeb6a1cfa&oe=5EA1D47F,0,0,1,0,0,0,0,0,0,0,0,0,0,0,0,0,0
https://instagram.ficn2-1.fna.fbcdn.net/v/t51.2885-15/e35/s1080x1080/80903012_757596268077458_4915828426170601406_n.jpg?_nc_ht=instagram.ficn2-1.fna.fbcdn.net&_nc_cat=102&_nc_ohc=SqBJsyyNp50AX_lohVv&oh=336427689f4a3705a7909bf3fe1b394b&oe=5E971E5A,0,0,0,0,0,0,0,0,0,0,0,0,0,0,0,0,0
https://instagram.ficn2-1.fna.fbcdn.net/v/t51.2885-15/e35/77100013_706686843194117_1637820906480050949_n.jpg?_nc_ht=instagram.ficn2-1.fna.fbcdn.net&_nc_cat=105&_nc_ohc=BjChCX4HfbAAX9qkpsb&oh=8fcc4be72381c6ee0ea2912e1d7c0232&oe=5EAE5372,0,0,0,0,0,0,0,0,0,0,0,0,0,0,0,0,0
https://instagram.ficn2-1.fna.fbcdn.net/v/t51.2885-15/e35/80546852_798807803875306_1745998878723265131_n.jpg?_nc_ht=instagram.ficn2-1.fna.fbcdn.net&_nc_cat=110&_nc_ohc=aj0puZCHrWsAX9sLyCZ&oh=e557e707a444bbfe3fa3c7128da1fe81&oe=5E8E6910,0,0,0,0,0,0,0,0,0,0,0,0,1,0,0,0,0
https://instagram.ficn2-1.fna.fbcdn.net/v/t51.2885-15/e35/s1080x1080/79834881_490072938304127_2843095019799555431_n.jpg?_nc_ht=instagram.ficn2-1.fna.fbcdn.net&_nc_cat=111&_nc_ohc=LV-VpQ8O-ZsAX-0WeSW&oh=9fbb82f79a540625a563ce00a2349a09&oe=5E9CE57A,0,1,0,0,0,0,0,0,0,0,0,0,0,0,0,0,0
https://instagram.ficn2-1.fna.fbcdn.net/v/t51.2885-15/e35/79262471_813952472410769_1818974546982239609_n.jpg?_nc_ht=instagram.ficn2-1.fna.fbcdn.net&_nc_cat=105&_nc_ohc=mWuEWlGxvhkAX-TuPSa&oh=3d17e3af84410d05d2008428cfc80e01&oe=5EA341FA,0,0,0,0,0,0,0,0,0,0,0,0,0,0,0,0,0
https://instagram.ficn2-1.fna.fbcdn.net/v/t51.2885-15/e35/79020894_587162622100464_4568853842222220138_n.jpg?_nc_ht=instagram.ficn2-1.fna.fbcdn.net&_nc_cat=100&_nc_ohc=2sPDBMqmOW0AX8kvcFp&oh=f5333633d6db6ee82f2651832d45879c&oe=5E9BAB7B,0,0,0,0,0,0,1,0,0,0,0,0,0,0,0,0,0
https://instagram.ficn2-1.fna.fbcdn.net/v/t51.2885-15/e35/p1080x1080/79155372_2818443344885611_9116416873360420798_n.jpg?_nc_ht=instagram.ficn2-1.fna.fbcdn.net&_nc_cat=107&_nc_ohc=lk1D0q_0QkEAX8eO5Y4&oh=1170b0ecf09a7898b2cf1482a69c445e&oe=5E99674F,0,0,0,0,0,0,0,0,0,0,0,0,0,0,0,0,0
https://instagram.ficn2-1.fna.fbcdn.net/v/t51.2885-15/e35/76839124_753907668437220_994223884496689139_n.jpg?_nc_ht=instagram.ficn2-1.fna.fbcdn.net&_nc_cat=100&_nc_ohc=rXLuORzBbGUAX__sQUK&oh=0bd1825cb98f34e60abecafb87e67cae&oe=5E979D81,0,0,0,0,0,0,0,0,0,0,0,0,0,0,0,0,0
https://instagram.ficn2-1.fna.fbcdn.net/v/t51.2885-15/e35/s1080x1080/74514847_456024018419620_9075249915515429899_n.jpg?_nc_ht=instagram.ficn2-1.fna.fbcdn.net&_nc_cat=104&_nc_ohc=bnestnBdRP0AX-zoWvJ&oh=9a119932fd76850378b332ee48251a88&oe=5EA94E71,0,0,0,0,0,0,0,0,0,0,0,0,0,0,0,0,0
https://instagram.ficn2-1.fna.fbcdn.net/v/t51.2885-15/e35/80604066_188414879004015_9186209465446370599_n.jpg?_nc_ht=instagram.ficn2-1.fna.fbcdn.net&_nc_cat=103&_nc_ohc=GUJCh1uzirIAX8yp3Rp&oh=217ce49c23bf3132c24a61b07b6e12a1&oe=5E07EFDE,0,0,0,0,0,0,0,0,0,0,0,0,0,0,0,0,0
https://instagram.ficn2-1.fna.fbcdn.net/v/t51.2885-15/e35/p1080x1080/79336309_135155917938164_1792602571390725762_n.jpg?_nc_ht=instagram.ficn2-1.fna.fbcdn.net&_nc_cat=108&_nc_ohc=1UWaAus3RiYAX-QLWYj&oh=105c98c75c4d84c15de43dee7a2457d5&oe=5EB2700E,0,0,0,0,0,0,0,0,0,0,1,0,0,0,0,0,0
https://instagram.ficn2-1.fna.fbcdn.net/v/t51.2885-15/e35/76816647_188418102332928_5083707432814082565_n.jpg?_nc_ht=instagram.ficn2-1.fna.fbcdn.net&_nc_cat=100&_nc_ohc=kF3axuPJB8oAX8vspwi&oh=a3f7dc769aad455ec584667d9381ea13&oe=5E088DCB,0,0,0,0,0,0,0,0,0,0,0,0,0,0,0,0,0
https://instagram.ficn2-1.fna.fbcdn.net/v/t51.2885-15/e35/81250009_2500101446902396_8048180205059490729_n.jpg?_nc_ht=instagram.ficn2-1.fna.fbcdn.net&_nc_cat=104&_nc_ohc=-HhQxbjeFWEAX-PBFt9&oh=bb540165db83f20f3366ecc53c448d71&oe=5EA582CF,0,1,0,0,1,0,1,0,0,0,0,0,0,0,0,0,0
https://instagram.ficn2-1.fna.fbcdn.net/v/t51.2885-15/e35/s1080x1080/79971765_695489047887461_1110490666607695195_n.jpg?_nc_ht=instagram.ficn2-1.fna.fbcdn.net&_nc_cat=105&_nc_ohc=VFxAkHib_XoAX9gB8-c&oh=986edaf40f46244e54a975169fd0beb5&oe=5E934618,0,0,0,0,0,0,0,0,0,0,1,0,0,0,0,0,0
https://instagram.ficn2-1.fna.fbcdn.net/v/t51.2885-15/e35/79833081_170484100712908_2353803480813344864_n.jpg?_nc_ht=instagram.ficn2-1.fna.fbcdn.net&_nc_cat=104&_nc_ohc=hjZX5R90wOAAX97K0Kr&oh=7b046e4460783ade54283654bca0d990&oe=5E8DEE22,0,0,0,0,0,0,0,0,0,0,0,0,0,0,0,0,0
https://instagram.ficn2-1.fna.fbcdn.net/v/t51.2885-15/e35/p1080x1080/79445364_454057808543970_6314419318699994782_n.jpg?_nc_ht=instagram.ficn2-1.fna.fbcdn.net&_nc_cat=106&_nc_ohc=mQ8EYICT8JMAX-kHn14&oh=748a67c08ea75032c86ba1b460bbbe35&oe=5EA65637,0,0,0,0,0,0,0,0,0,0,1,0,0,0,0,0,0
https://instagram.ficn2-1.fna.fbcdn.net/v/t51.2885-15/e35/79601069_855837714872303_3295005674307841965_n.jpg?_nc_ht=instagram.ficn2-1.fna.fbcdn.net&_nc_cat=111&_nc_ohc=krJC7SWxWSUAX_hX2-a&oh=cfd3d121f5a5e6096301eecdb9e32f46&oe=5EAE92D1,1,0,0,0,0,0,0,0,0,0,0,1,0,0,0,0,0
https://instagram.ficn2-1.fna.fbcdn.net/v/t51.2885-15/e35/80693287_599132554249443_5086541401228743036_n.jpg?_nc_ht=instagram.ficn2-1.fna.fbcdn.net&_nc_cat=103&_nc_ohc=AKr0FXtr6fMAX_h25Pb&oh=0bc035a9e3d3ebe49f012b0a16f9a05e&oe=5EAA0671,0,1,0,0,0,0,1,0,0,0,0,0,0,0,0,0,0
https://instagram.ficn2-1.fna.fbcdn.net/v/t51.2885-15/e35/78814718_107813107283024_4222959727973645278_n.jpg?_nc_ht=instagram.ficn2-1.fna.fbcdn.net&_nc_cat=108&_nc_ohc=tRBFiVcMxAwAX8nrfBS&oh=8ca901ae59335b2e5df6af5a7866c8bb&oe=5E083441,0,0,0,0,0,1,0,0,0,0,0,0,0,0,0,0,0
https://instagram.ficn2-1.fna.fbcdn.net/v/t51.2885-15/e35/70188838_2538682699744997_8241354230822356792_n.jpg?_nc_ht=instagram.ficn2-1.fna.fbcdn.net&_nc_cat=105&_nc_ohc=VoHnaGFSmwIAX94dMl0&oh=d7091104c0f050e36ccb200a90cd7c5f&oe=5EAE8E1A,0,0,0,0,0,0,0,0,0,0,0,0,0,0,0,0,0
https://instagram.ficn2-1.fna.fbcdn.net/v/t51.2885-15/e35/71067637_512526692683204_2011773552094329175_n.jpg?_nc_ht=instagram.ficn2-1.fna.fbcdn.net&_nc_cat=104&_nc_ohc=LniUuDCG9CoAX_Dxhas&oh=875004a1d2b12119b72a1dd48f008e6a&oe=5E94EB77,1,0,0,0,0,0,0,0,0,0,0,0,1,0,0,0,0
https://instagram.ficn2-1.fna.fbcdn.net/v/t51.2885-15/e35/71269222_491892998112604_1461482683411566051_n.jpg?_nc_ht=instagram.ficn2-1.fna.fbcdn.net&_nc_cat=104&_nc_ohc=YAmJjVQiX3UAX_6ZmtG&oh=a8d52f5d22880c4eaed8f9853323b5a0&oe=5EA49EE3,0,0,0,0,0,0,0,0,0,0,0,0,0,0,0,0,0
https://instagram.ficn2-1.fna.fbcdn.net/v/t51.2885-15/e35/p1080x1080/79176975_3329005817169617_6545000310461651919_n.jpg?_nc_ht=instagram.ficn2-1.fna.fbcdn.net&_nc_cat=105&_nc_ohc=TYEOtZXgfKgAX-xnz7U&oh=ff070c8a58e048c52ea6d912a15f173a&oe=5E9149A1,0,0,0,0,0,0,0,0,0,0,1,0,0,0,0,0,0
https://instagram.ficn2-1.fna.fbcdn.net/v/t51.2885-15/e35/75595197_737087520108819_7652589481370594275_n.jpg?_nc_ht=instagram.ficn2-1.fna.fbcdn.net&_nc_cat=103&_nc_ohc=Lv63ng9_ZosAX9S9SrH&oh=f9ea900ed5c01e417d7081265c23a7f5&oe=5E92A824,0,0,0,0,0,0,0,0,0,0,0,0,0,0,0,0,0
https://instagram.ficn2-1.fna.fbcdn.net/v/t51.2885-15/e35/76920258_459054618127089_4186671389861849637_n.jpg?_nc_ht=instagram.ficn2-1.fna.fbcdn.net&_nc_cat=109&_nc_ohc=2nHcDh86zrsAX9HR3un&oh=8766a7d79f4ca0b8c1bf158bb2745e33&oe=5E0869F7,0,0,0,0,0,0,0,0,0,0,0,0,0,0,0,0,0
https://instagram.ficn2-1.fna.fbcdn.net/v/t51.2885-15/e35/81101655_1484956081642996_6452332016512890686_n.jpg?_nc_ht=instagram.ficn2-1.fna.fbcdn.net&_nc_cat=104&_nc_ohc=2iahGaonoIEAX-aibBq&oh=4811e6513fe6c92bcce6afdcebe6a03c&oe=5E942999,0,0,0,0,0,0,0,0,0,0,0,0,0,0,0,0,0
https://instagram.ficn2-1.fna.fbcdn.net/v/t51.2885-15/e35/p1080x1080/76879329_2426798824301923_2791831143406402879_n.jpg?_nc_ht=instagram.ficn2-1.fna.fbcdn.net&_nc_cat=1&_nc_ohc=imGT7TA8bdwAX830Ssh&oh=3f0bbce814c70051f55f6c6f714d3d62&oe=5EAECC7B,0,0,0,0,0,0,0,0,0,0,0,0,0,0,0,0,0
https://instagram.ficn2-1.fna.fbcdn.net/v/t51.2885-15/e35/p1080x1080/81827634_525561771503775_3889014323626110498_n.jpg?_nc_ht=instagram.ficn2-1.fna.fbcdn.net&_nc_cat=1&_nc_ohc=rxP39a3zpn0AX9xDXIG&oh=ca06cc11a880feed6f2a218434558760&oe=5EA55128,0,0,0,0,0,0,0,0,0,0,0,0,0,0,0,0,0
https://instagram.ficn2-1.fna.fbcdn.net/v/t51.2885-15/e35/80679288_2291255454498266_6104831757693744277_n.jpg?_nc_ht=instagram.ficn2-1.fna.fbcdn.net&_nc_cat=102&_nc_ohc=45kXBNXe1tkAX_Qo7aO&oh=928dad6f89fff70092078272fe7541da&oe=5E919574,0,0,0,0,0,0,0,0,1,0,0,0,0,0,0,0,0
https://instagram.ficn2-1.fna.fbcdn.net/v/t51.2885-15/e35/79926874_154222985908997_1556113130763944808_n.jpg?_nc_ht=instagram.ficn2-1.fna.fbcdn.net&_nc_cat=1&_nc_ohc=XUfBJSHw2V8AX8y72Ca&oh=c067bc4b954351f648d1dcd8d4b557c6&oe=5E088654,0,0,0,0,0,0,0,0,0,0,0,0,0,0,0,0,0
https://instagram.ficn2-1.fna.fbcdn.net/v/t51.2885-15/e35/p1080x1080/75487934_2288332714790610_7802955097515020885_n.jpg?_nc_ht=instagram.ficn2-1.fna.fbcdn.net&_nc_cat=106&_nc_ohc=HQPaxVUO3p4AX96_fNW&oh=f380761b10014fd4e31fa351f2363bbc&oe=5EA1BE49,0,0,0,0,0,0,0,0,0,0,0,0,0,0,0,0,0
https://instagram.ficn2-1.fna.fbcdn.net/v/t51.2885-15/e35/76958970_1053402631690517_7795602905100848277_n.jpg?_nc_ht=instagram.ficn2-1.fna.fbcdn.net&_nc_cat=105&_nc_ohc=ng2zEqZtns0AX_mp7vt&oh=e0cd4574c90b77f45ed4de22460f850b&oe=5EA0A066,0,0,1,0,0,0,0,0,0,0,0,0,0,0,0,0,0
https://instagram.ficn2-1.fna.fbcdn.net/v/t51.2885-15/e35/79641342_1199480963775059_2969680111342301491_n.jpg?_nc_ht=instagram.ficn2-1.fna.fbcdn.net&_nc_cat=111&_nc_ohc=-uYAzaOopaoAX8n_Ci3&oh=5bf7394ecf947964b569765b58ad227e&oe=5EA31F60,1,0,0,0,0,0,0,0,0,0,0,0,0,0,0,0,0
https://instagram.ficn2-1.fna.fbcdn.net/v/t51.2885-15/e35/79647674_564071667476626_5943226369128317646_n.jpg?_nc_ht=instagram.ficn2-1.fna.fbcdn.net&_nc_cat=110&_nc_ohc=jW0n60fO1cEAX_RAiJo&oh=967a9698bf5a292c632b3876d2790660&oe=5EB154F8,0,0,0,0,0,0,0,0,0,0,0,0,0,0,0,0,0
https://instagram.ficn2-1.fna.fbcdn.net/v/t51.2885-15/e35/p1080x1080/77178305_583615852415009_6515581898595468010_n.jpg?_nc_ht=instagram.ficn2-1.fna.fbcdn.net&_nc_cat=105&_nc_ohc=nKRRp8htFw0AX_2wSFD&oh=8787e61b3259f516af5250a13bf534df&oe=5EAC9D93,1,0,0,0,0,0,0,0,0,0,0,0,0,0,0,0,0
https://instagram.ficn2-1.fna.fbcdn.net/v/t51.2885-15/e35/80360986_748647528989936_54628451909440231_n.jpg?_nc_ht=instagram.ficn2-1.fna.fbcdn.net&_nc_cat=108&_nc_ohc=NUWO8m9FztAAX8Xy1Ju&oh=1e2b9eeeed56fbbcfd74238806756356&oe=5E9C0805,0,0,0,0,0,0,0,0,0,0,0,0,0,0,0,0,0
https://instagram.ficn2-1.fna.fbcdn.net/v/t51.2885-15/e35/79330335_190212255362207_7281070375674765887_n.jpg?_nc_ht=instagram.ficn2-1.fna.fbcdn.net&_nc_cat=111&_nc_ohc=uxl_rMpXudAAX9UqND2&oh=4cda5873ec64e380eec26c326f954311&oe=5EA35E5A,0,0,0,0,0,0,0,0,0,0,0,0,0,0,0,0,0
https://instagram.ficn2-1.fna.fbcdn.net/v/t51.2885-15/e35/78781740_477624082939579_4691839636323792459_n.jpg?_nc_ht=instagram.ficn2-1.fna.fbcdn.net&_nc_cat=107&_nc_ohc=Gh5Qdwa4xlcAX-9G8Fc&oh=c1944ed2b41303512c20251c7b169285&oe=5E9A0AB5,0,0,0,0,0,0,0,0,0,0,0,0,1,1,0,0,0
https://instagram.ficn2-1.fna.fbcdn.net/v/t51.2885-15/e35/p1080x1080/79369486_580613392764934_4196321676514343121_n.jpg?_nc_ht=instagram.ficn2-1.fna.fbcdn.net&_nc_cat=110&_nc_ohc=9BcJa-OCGhgAX_jktUU&oh=7ba14213e01d4141f4658afceb7845d7&oe=5E9C8FBA,1,0,0,0,0,0,0,0,0,0,0,0,0,0,0,0,0
https://instagram.ficn2-1.fna.fbcdn.net/v/t51.2885-15/e35/77074399_513979972796637_4984109888336645552_n.jpg?_nc_ht=instagram.ficn2-1.fna.fbcdn.net&_nc_cat=109&_nc_ohc=t8VLLS0dyVQAX-g-DNo&oh=d9bfd4e369be75b7588e794e36014d08&oe=5E080159,0,0,0,0,0,0,0,0,0,0,0,0,0,0,0,0,0
https://instagram.ficn2-1.fna.fbcdn.net/v/t51.2885-15/e35/80842300_469361897097495_5747239013191518787_n.jpg?_nc_ht=instagram.ficn2-1.fna.fbcdn.net&_nc_cat=103&_nc_ohc=Gj4bRx1MpyMAX-2AiGT&oh=076fa278b4a4c8233b1261ea7ea68e98&oe=5E9A02C5,0,0,0,0,0,0,0,0,0,0,0,0,0,0,0,0,0
https://instagram.ficn2-1.fna.fbcdn.net/v/t51.2885-15/e35/79371390_494552504745436_2169647039267204006_n.jpg?_nc_ht=instagram.ficn2-1.fna.fbcdn.net&_nc_cat=104&_nc_ohc=OUWCQybTofUAX-JNPJq&oh=8cb364388b985212f590c774a4156de9&oe=5E969BEB,0,0,0,0,0,0,0,0,0,0,0,0,0,0,0,0,0
https://instagram.ficn2-1.fna.fbcdn.net/v/t51.2885-15/e35/79376575_756635291517110_4003812352902987551_n.jpg?_nc_ht=instagram.ficn2-1.fna.fbcdn.net&_nc_cat=102&_nc_ohc=pVJ3Aaark-8AX9JmLBW&oh=6ee888fd4f978f23a6d2ceb26bda0bdf&oe=5E087CB8,0,0,0,0,0,0,0,0,0,0,0,0,0,0,0,0,0
https://instagram.ficn2-1.fna.fbcdn.net/v/t51.2885-15/e35/77170795_157737302150595_5091901162162590480_n.jpg?_nc_ht=instagram.ficn2-1.fna.fbcdn.net&_nc_cat=103&_nc_ohc=S9vOLABkHMQAX-iXW9O&oh=5195174c241fa0d05bf5f5ee3b2b0641&oe=5EA0D928,0,0,0,0,0,0,0,0,0,0,0,0,0,0,0,0,0
https://instagram.ficn2-1.fna.fbcdn.net/v/t51.2885-15/e35/s1080x1080/79534779_3320713558000707_8698090626800501107_n.jpg?_nc_ht=instagram.ficn2-1.fna.fbcdn.net&_nc_cat=103&_nc_ohc=kcEL0x-EcTAAX-qPgsu&oh=e41e1c941bb0cd60130c1cce1fb70ad1&oe=5E9C23DE,0,0,0,0,0,0,0,0,0,0,0,0,0,0,0,0,0
https://instagram.ficn2-1.fna.fbcdn.net/v/t51.2885-15/e35/77418961_470085966983390_6941498307802689728_n.jpg?_nc_ht=instagram.ficn2-1.fna.fbcdn.net&_nc_cat=102&_nc_ohc=ZtyOrxvpC1wAX-6iGgw&oh=b1774f8e5bf29e9b6e4f32e84911f3b0&oe=5E0836D4,0,0,0,0,0,0,0,0,0,0,0,0,0,0,0,0,0
https://instagram.ficn2-1.fna.fbcdn.net/v/t51.2885-15/e35/s1080x1080/79633493_110698953605130_7809808649096842050_n.jpg?_nc_ht=instagram.ficn2-1.fna.fbcdn.net&_nc_cat=106&_nc_ohc=GobHr0zumZAAX_alpyV&oh=82ec7ff697974eb5093616bc89a27e97&oe=5E98C278,0,0,0,0,0,0,0,0,1,0,0,0,0,0,0,0,0
https://instagram.ficn2-1.fna.fbcdn.net/v/t51.2885-15/e35/77408923_195320031604221_3257275207607547795_n.jpg?_nc_ht=instagram.ficn2-1.fna.fbcdn.net&_nc_cat=109&_nc_ohc=J9AYMjM1NfUAX-VBGGx&oh=0bc855bc5e1c1e383bbf439ebe14c271&oe=5E9E18F2,0,0,0,0,0,0,0,0,0,0,0,0,0,0,0,0,0
https://instagram.ficn2-1.fna.fbcdn.net/v/t51.2885-15/e35/79970885_990921547968198_4814013557649058584_n.jpg?_nc_ht=instagram.ficn2-1.fna.fbcdn.net&_nc_cat=106&_nc_ohc=2j3zaGNdtRMAX_kGTB4&oh=8141ef19c0f5accb6bc325c3030465c3&oe=5EB2AF42,0,0,0,0,0,0,0,0,0,0,0,0,0,0,0,0,0
https://instagram.ficn2-1.fna.fbcdn.net/v/t51.2885-15/e35/78876394_109098657141215_412021087153749921_n.jpg?_nc_ht=instagram.ficn2-1.fna.fbcdn.net&_nc_cat=111&_nc_ohc=dv1Nmu6qja8AX-2SEMI&oh=5157d75791554a51ddf2043a41ac57c3&oe=5EB47059,0,0,0,0,0,1,0,0,0,0,0,0,0,0,0,0,0
https://instagram.ficn2-1.fna.fbcdn.net/v/t51.2885-15/e35/80368062_2280182708749763_4335035723469631849_n.jpg?_nc_ht=instagram.ficn2-1.fna.fbcdn.net&_nc_cat=111&_nc_ohc=eG45utPWbaUAX9Icyxz&oh=f965bd2b5173517defac61a5724aeb50&oe=5EA136D6,0,0,0,0,0,0,0,0,0,0,0,0,0,0,0,0,0
https://instagram.ficn2-1.fna.fbcdn.net/v/t51.2885-15/e35/s1080x1080/78763964_158416992133099_749011111232816715_n.jpg?_nc_ht=instagram.ficn2-1.fna.fbcdn.net&_nc_cat=107&_nc_ohc=ieTlUjFeyDoAX8VL1bZ&oh=4044f05d9778d22543fdc712349d36db&oe=5E9BDB08,0,0,0,0,0,0,0,0,0,0,0,0,0,0,0,0,0
https://instagram.ficn2-1.fna.fbcdn.net/v/t51.2885-15/e35/s1080x1080/79436599_448611825813850_7499684307577182729_n.jpg?_nc_ht=instagram.ficn2-1.fna.fbcdn.net&_nc_cat=110&_nc_ohc=2t13ZSLZ_TgAX8WqFvo&oh=37f74e5cb2c7ed3db510ab7c67bff92a&oe=5EA7E882,1,0,0,0,0,0,0,0,0,0,0,0,0,0,0,0,0
https://instagram.ficn2-1.fna.fbcdn.net/v/t51.2885-15/e35/s1080x1080/79793437_590241791770489_6824866872911091913_n.jpg?_nc_ht=instagram.ficn2-1.fna.fbcdn.net&_nc_cat=101&_nc_ohc=j6geOP8qmk0AX8JC3UR&oh=5a11e7eaf40d6ee51ce3ba85fbb517f4&oe=5EACE4C5,0,0,0,0,0,0,0,0,0,0,0,0,0,0,0,0,0
https://instagram.ficn2-1.fna.fbcdn.net/v/t51.2885-15/e35/p1080x1080/77374311_711134546077228_7632218411545825326_n.jpg?_nc_ht=instagram.ficn2-1.fna.fbcdn.net&_nc_cat=104&_nc_ohc=grx4AEaRSLQAX94HsoF&oh=be583aed10d63833094660a76b168a46&oe=5E90D9E6,0,0,0,0,0,0,0,0,0,0,0,0,0,0,0,0,0
https://instagram.ficn2-1.fna.fbcdn.net/v/t51.2885-15/e35/s1080x1080/82161328_541895496391688_4362134656897348012_n.jpg?_nc_ht=instagram.ficn2-1.fna.fbcdn.net&_nc_cat=108&_nc_ohc=wDtoBBMymYIAX8nS_XU&oh=d9118c376c2b8426c87a26c7adb09ccf&oe=5EA02CA2,0,0,0,0,0,0,0,0,0,0,0,0,0,0,0,0,0
https://instagram.ficn2-1.fna.fbcdn.net/v/t51.2885-15/e35/77290105_503607327180540_8980830522563757337_n.jpg?_nc_ht=instagram.ficn2-1.fna.fbcdn.net&_nc_cat=100&_nc_ohc=u9Rxp0ctijUAX_XjkWY&oh=3f71a101d2eff6b3b43295bc5f6294db&oe=5E07F08E,0,0,1,0,0,0,0,0,0,0,0,0,0,0,0,0,0
https://instagram.ficn2-1.fna.fbcdn.net/v/t51.2885-15/e35/79802530_187143322425373_8973851274530005799_n.jpg?_nc_ht=instagram.ficn2-1.fna.fbcdn.net&_nc_cat=101&_nc_ohc=0v9SjPiu-_4AX_22S4k&oh=134a794a02bc309ff315c3c61dda7546&oe=5E9F2250,0,0,0,1,0,0,0,0,0,0,0,0,1,0,0,0,0
https://instagram.ficn2-1.fna.fbcdn.net/v/t51.2885-15/e35/79377616_1073300223002104_5481974263586148428_n.jpg?_nc_ht=instagram.ficn2-1.fna.fbcdn.net&_nc_cat=104&_nc_ohc=GbIsoF2WV6oAX-8h_j9&oh=84086483398c0a9bc584da55d7169cd9&oe=5E9D4AF8,0,0,0,0,0,0,0,0,0,0,0,0,0,0,0,0,0
https://instagram.ficn2-1.fna.fbcdn.net/v/t51.2885-15/e35/s1080x1080/80332605_469662920411735_1298432924818681083_n.jpg?_nc_ht=instagram.ficn2-1.fna.fbcdn.net&_nc_cat=111&_nc_ohc=RBoeatcQvwIAX-SxEYt&oh=17baeea435d4af1ff8ac9fb0ec0b548d&oe=5EB35880,1,0,0,0,0,0,0,0,0,0,0,0,0,0,0,0,0
https://instagram.ficn2-1.fna.fbcdn.net/v/t51.2885-15/e35/75576698_184906575989767_5623405480317695376_n.jpg?_nc_ht=instagram.ficn2-1.fna.fbcdn.net&_nc_cat=107&_nc_ohc=E8kkuHG89CUAX90U5Yd&oh=9c13d49aae1e2114a97214206ca932a0&oe=5E0827FC,0,0,0,0,0,0,0,0,0,0,0,0,0,0,1,0,0
https://instagram.ficn2-1.fna.fbcdn.net/v/t51.2885-15/e35/79333132_2780187798717311_3369437597392252025_n.jpg?_nc_ht=instagram.ficn2-1.fna.fbcdn.net&_nc_cat=111&_nc_ohc=WQ2kgh0J5_8AX_-tVj_&oh=e007cc112b90706da965bdfd2fff422d&oe=5EA8EBAD,1,0,0,0,0,0,0,0,0,0,1,0,0,0,0,0,0
https://instagram.ficn2-1.fna.fbcdn.net/v/t51.2885-15/e35/79911108_2554096564826964_4038773586010734863_n.jpg?_nc_ht=instagram.ficn2-1.fna.fbcdn.net&_nc_cat=100&_nc_ohc=-aP2JIsY1ZUAX_i9jn4&oh=7b39bf150112e36815743de17f4af3a2&oe=5EAE99BA,0,0,0,0,0,0,0,0,0,0,0,0,0,0,0,0,0
https://instagram.ficn2-1.fna.fbcdn.net/v/t51.2885-15/e35/79540631_159880131910668_7114110863463262576_n.jpg?_nc_ht=instagram.ficn2-1.fna.fbcdn.net&_nc_cat=100&_nc_ohc=gewH13finUsAX_GWdYi&oh=41a3926a349890ec67ec21cd6c7e1c4c&oe=5EAD5E74,0,0,0,0,0,0,0,0,0,0,0,0,0,0,0,0,0
https://instagram.ficn2-1.fna.fbcdn.net/v/t51.2885-15/e35/p1080x1080/79741715_1045928102407571_3608196325600902605_n.jpg?_nc_ht=instagram.ficn2-1.fna.fbcdn.net&_nc_cat=111&_nc_ohc=0O-OqTZXfAEAX9EsISM&oh=f8182305daf9a130bb5bd100e4a6217e&oe=5EA26890,1,0,0,0,0,0,0,0,0,0,0,0,0,0,0,0,0
https://instagram.ficn2-1.fna.fbcdn.net/v/t51.2885-15/e35/81044667_2521175064837255_1275826560358514674_n.jpg?_nc_ht=instagram.ficn2-1.fna.fbcdn.net&_nc_cat=103&_nc_ohc=eGsU9Wz_QcUAX8W_LjI&oh=21a78e9731dd527e2d16dc1ce2a41e9b&oe=5E0846CE,0,0,0,0,0,0,0,0,0,0,0,0,0,0,0,0,0
https://instagram.ficn2-1.fna.fbcdn.net/v/t51.2885-15/e35/79144003_2559436440980040_5283793276953693489_n.jpg?_nc_ht=instagram.ficn2-1.fna.fbcdn.net&_nc_cat=100&_nc_ohc=tbperQxprHMAX-FfrVQ&oh=4c538c5fde39e13fbdd37030a40fd32c&oe=5E0810FC,0,0,0,0,0,0,0,0,0,0,0,0,0,0,0,0,0
https://instagram.ficn2-1.fna.fbcdn.net/v/t51.2885-15/e35/80680802_614702245738814_5843943342816125654_n.jpg?_nc_ht=instagram.ficn2-1.fna.fbcdn.net&_nc_cat=102&_nc_ohc=vOzC_Y3eNGgAX_eCGEU&oh=ca391c1af7f5d85b4288130a948d43e6&oe=5E91E3A2,1,0,0,0,0,0,0,0,0,0,0,0,0,0,0,0,0
https://instagram.ficn2-1.fna.fbcdn.net/v/t51.2885-15/e35/p1080x1080/79178905_758811837931349_3420371570423505778_n.jpg?_nc_ht=instagram.ficn2-1.fna.fbcdn.net&_nc_cat=105&_nc_ohc=gB5rsD2TjBcAX_wdFhb&oh=ea26eb5c9605ee207464f7858d86132c&oe=5EAD6A92,0,0,0,0,0,0,0,0,0,0,0,0,0,0,0,0,0
https://instagram.ficn2-1.fna.fbcdn.net/v/t51.2885-15/e35/76855316_601112373973440_7548004636746298133_n.jpg?_nc_ht=instagram.ficn2-1.fna.fbcdn.net&_nc_cat=100&_nc_ohc=i1tdar0yvfUAX-iBWYX&oh=fae7710554ba7c3ce8a60903b74426bd&oe=5E087334,0,0,0,0,0,1,0,0,0,0,0,0,0,0,0,0,0
https://instagram.ficn2-1.fna.fbcdn.net/v/t51.2885-15/e35/79944376_164985088192082_8971426757899688186_n.jpg?_nc_ht=instagram.ficn2-1.fna.fbcdn.net&_nc_cat=102&_nc_ohc=HtYF1mN37CYAX-GC8qk&oh=1ee34ef099264f0128000916d6ecd2c5&oe=5E080FCA,0,0,0,0,0,0,0,0,0,0,0,0,0,0,0,0,0
https://instagram.ficn2-1.fna.fbcdn.net/v/t51.2885-15/e35/80402974_142556970501210_3677648795067623336_n.jpg?_nc_ht=instagram.ficn2-1.fna.fbcdn.net&_nc_cat=106&_nc_ohc=8EOYmrdztCkAX_tcYjb&oh=8adfd8ac92aabab93b137539a30d75d4&oe=5E9FBAD2,0,0,0,0,0,0,0,0,0,0,0,0,0,0,0,0,0
https://instagram.ficn2-1.fna.fbcdn.net/v/t51.2885-15/e35/79385113_172558513946586_9210224486493406804_n.jpg?_nc_ht=instagram.ficn2-1.fna.fbcdn.net&_nc_cat=106&_nc_ohc=v9Y0UDeVBA8AX_c9nm0&oh=96e99fe4e0ae528a728f2efe55b5f236&oe=5E9CB343,0,0,0,0,0,0,0,0,0,0,0,0,0,0,0,0,0
https://instagram.ficn2-1.fna.fbcdn.net/v/t51.2885-15/e35/76848511_557199705134973_2190491585130904991_n.jpg?_nc_ht=instagram.ficn2-1.fna.fbcdn.net&_nc_cat=109&_nc_ohc=aCz46lepJrgAX-DUlwp&oh=1b1e7bc3eb17451784083801eb8cc666&oe=5EAE134A,0,0,0,0,0,0,0,0,0,0,0,0,1,0,0,0,0
https://instagram.ficn2-1.fna.fbcdn.net/v/t51.2885-15/e35/s1080x1080/79020894_118978955978413_1213539239747564471_n.jpg?_nc_ht=instagram.ficn2-1.fna.fbcdn.net&_nc_cat=101&_nc_ohc=H-FZbEQuBXYAX8D2zjg&oh=894d6b5d7d1d1178a8ac1264c053fe4c&oe=5EA82F44,0,0,0,0,0,0,0,0,0,0,0,0,0,0,0,0,0
https://instagram.ficn2-1.fna.fbcdn.net/v/t51.2885-15/e35/79032688_121882815965456_4271289214224212006_n.jpg?_nc_ht=instagram.ficn2-1.fna.fbcdn.net&_nc_cat=108&_nc_ohc=xm2k3JYJRsYAX8_CI8I&oh=84437befcc3a4f4e9fa70847e6515887&oe=5EB28DAA,0,0,0,0,0,0,0,0,0,0,0,0,0,0,0,0,0
https://instagram.ficn2-1.fna.fbcdn.net/v/t51.2885-15/e35/81677909_214622376215732_3900599770702532770_n.jpg?_nc_ht=instagram.ficn2-1.fna.fbcdn.net&_nc_cat=108&_nc_ohc=ZWgZv_UJA5YAX8JNwbe&oh=8f3e0e7cbdc0b8ded3e9ca4a7d66b51d&oe=5E935247,0,0,0,0,0,0,0,0,0,0,0,0,0,0,0,0,0
https://instagram.ficn2-1.fna.fbcdn.net/v/t51.2885-15/e35/79219965_561054908073351_3019079248810759071_n.jpg?_nc_ht=instagram.ficn2-1.fna.fbcdn.net&_nc_cat=103&_nc_ohc=z3B2OQU7HOkAX9YF2sX&oh=9519b2fdeebad2a36f1971a53a3629f3&oe=5EA2D5DB,0,0,0,0,0,0,0,0,0,0,0,0,0,0,0,0,0
https://instagram.ficn2-1.fna.fbcdn.net/v/t51.2885-15/e35/s1080x1080/77063954_178929053181177_2603772141803245658_n.jpg?_nc_ht=instagram.ficn2-1.fna.fbcdn.net&_nc_cat=109&_nc_ohc=Vrd6QPQ75PgAX_HFCz2&oh=de06f7e79ac92b76140c306b9cdcefa7&oe=5E8E9A67,0,0,0,0,0,0,0,0,0,0,0,0,0,0,0,0,0
https://instagram.ficn2-1.fna.fbcdn.net/v/t51.2885-15/e35/69646794_154062692552438_6405033499614886654_n.jpg?_nc_ht=instagram.ficn2-1.fna.fbcdn.net&_nc_cat=102&_nc_ohc=NeoJ9KztucYAX_sI_N7&oh=a76e6f99f12ea7ef504fc041e0c95d11&oe=5E9B5356,0,0,0,0,0,0,0,0,0,0,0,0,0,0,0,0,0
https://instagram.ficn2-1.fna.fbcdn.net/v/t51.2885-15/e35/s1080x1080/78970600_572122013612753_412717843000968664_n.jpg?_nc_ht=instagram.ficn2-1.fna.fbcdn.net&_nc_cat=105&_nc_ohc=9FJeq9GLLuEAX8-0EqS&oh=7111c70652d02dbafba442e2f6035078&oe=5EAA63A8,0,0,0,0,0,0,0,0,0,0,0,0,0,0,0,0,0
https://instagram.ficn2-1.fna.fbcdn.net/v/t51.2885-15/e35/80467077_508746486662809_6996821935391385199_n.jpg?_nc_ht=instagram.ficn2-1.fna.fbcdn.net&_nc_cat=101&_nc_ohc=t6Zcg_0_eMcAX-v659S&oh=21687a9af777866744ec156ed1740da7&oe=5E96E38A,0,0,0,0,0,0,0,0,0,0,0,0,0,0,0,0,0
https://instagram.ficn2-1.fna.fbcdn.net/v/t51.2885-15/e35/s1080x1080/77099402_134854874158421_8364023696629646779_n.jpg?_nc_ht=instagram.ficn2-1.fna.fbcdn.net&_nc_cat=105&_nc_ohc=36-j4GfHW5AAX8LejcG&oh=1b7f3971a1c9b3882947bf620ca536e9&oe=5EA165C1,0,0,0,0,0,0,0,0,0,0,0,0,0,0,0,0,0
https://instagram.ficn2-1.fna.fbcdn.net/v/t51.2885-15/e35/76923600_133830361405069_4536806210083640678_n.jpg?_nc_ht=instagram.ficn2-1.fna.fbcdn.net&_nc_cat=101&_nc_ohc=HToJDvkcGNsAX89PAEs&oh=fa2c1ec2a9107aa05903e3a806035620&oe=5E9789BC,0,0,0,0,0,0,0,0,0,0,0,0,0,0,0,0,0
https://instagram.ficn2-1.fna.fbcdn.net/v/t51.2885-15/e35/78817117_2750955981592485_47785473460218130_n.jpg?_nc_ht=instagram.ficn2-1.fna.fbcdn.net&_nc_cat=109&_nc_ohc=I_R4vtFeyAwAX972aRY&oh=7ef86c2012d0fc598d3c0cc8c3be14df&oe=5E085962,0,0,0,0,0,0,0,0,0,0,0,0,0,0,0,0,0
https://instagram.ficn2-1.fna.fbcdn.net/v/t51.2885-15/e35/79015362_1559745800840236_3179810003492567305_n.jpg?_nc_ht=instagram.ficn2-1.fna.fbcdn.net&_nc_cat=104&_nc_ohc=1q6TeKlZno4AX93XYsm&oh=b14aa3da1977e504f75b2fcded5ce0e2&oe=5EB062E6,0,0,0,0,0,0,0,0,0,0,0,0,0,0,0,0,0
https://instagram.ficn2-1.fna.fbcdn.net/v/t51.2885-15/e35/80359796_1248710678645397_7301715966741722893_n.jpg?_nc_ht=instagram.ficn2-1.fna.fbcdn.net&_nc_cat=109&_nc_ohc=GPPWlLiu2zQAX9mXpxL&oh=39d00f4763ea82de7cda2084329c2fe9&oe=5E07F4F4,1,0,0,0,0,0,0,0,0,0,0,0,0,0,0,0,0
https://instagram.ficn2-1.fna.fbcdn.net/v/t51.2885-15/e35/79346590_2699735776781097_1124214460983531831_n.jpg?_nc_ht=instagram.ficn2-1.fna.fbcdn.net&_nc_cat=109&_nc_ohc=t1z_YI4QP-0AX8r_29s&oh=b5cdafa20e8ce3379d3ac1ddfcc85e47&oe=5EAF8441,0,0,0,0,0,0,0,0,0,0,0,0,0,0,0,0,0
https://instagram.ficn2-1.fna.fbcdn.net/v/t51.2885-15/e35/78782729_103993317715963_2008385680151012527_n.jpg?_nc_ht=instagram.ficn2-1.fna.fbcdn.net&_nc_cat=107&_nc_ohc=JDk15NLqB9oAX_LAi6H&oh=0e410f886f9a51be27e0576582f95e2b&oe=5EA2107C,0,0,0,0,0,0,0,0,0,0,0,0,0,0,0,0,0
https://instagram.ficn2-1.fna.fbcdn.net/v/t51.2885-15/e35/73420544_2485224095073063_1475511724181265079_n.jpg?_nc_ht=instagram.ficn2-1.fna.fbcdn.net&_nc_cat=103&_nc_ohc=KbsjNFQ0jHYAX_fltvJ&oh=e1fc336f0e80b687c039f01301e97387&oe=5E080D7F,0,0,0,0,0,0,0,0,0,0,0,0,0,0,0,0,0
https://instagram.ficn2-1.fna.fbcdn.net/v/t51.2885-15/e35/79010113_101778174634105_714096772347010058_n.jpg?_nc_ht=instagram.ficn2-1.fna.fbcdn.net&_nc_cat=101&_nc_ohc=lRUgSvnOTrcAX8sZtav&oh=57a1c81620a616ffd146d467d7266e9d&oe=5EAFEAFE,0,0,0,0,0,0,0,0,0,0,0,0,0,0,0,0,0
https://instagram.ficn2-1.fna.fbcdn.net/v/t51.2885-15/e35/80802572_587707465392771_5925135841121710813_n.jpg?_nc_ht=instagram.ficn2-1.fna.fbcdn.net&_nc_cat=103&_nc_ohc=NkGtPMKUplAAX_3R_z_&oh=15a53e4f691e7e113d6626c605d9ce93&oe=5E985AD1,0,0,0,0,0,0,0,0,0,0,0,0,0,0,0,0,0
https://instagram.ficn2-1.fna.fbcdn.net/v/t51.2885-15/e35/80065842_445377602797746_971292353566972559_n.jpg?_nc_ht=instagram.ficn2-1.fna.fbcdn.net&_nc_cat=106&_nc_ohc=1Hi2sr6XimMAX-jzTDK&oh=bcb663e6f047b9675aae1bb9b09cf5a1&oe=5E080E33,0,0,0,0,0,0,0,0,0,0,0,0,0,0,0,0,0
https://instagram.ficn2-1.fna.fbcdn.net/v/t51.2885-15/e35/p1080x1080/77391111_2704744979615099_3561740144172186264_n.jpg?_nc_ht=instagram.ficn2-1.fna.fbcdn.net&_nc_cat=111&_nc_ohc=SPWIeuOtNO4AX9jDBT3&oh=bdf09d81dff78648689d3311bffac96e&oe=5E9BF942,1,0,0,0,0,0,0,0,0,0,0,0,0,0,0,0,0
https://instagram.ficn2-1.fna.fbcdn.net/v/t51.2885-15/e35/78891903_466862817549103_6347343402574654358_n.jpg?_nc_ht=instagram.ficn2-1.fna.fbcdn.net&_nc_cat=107&_nc_ohc=5HYiKLR-VEoAX--SYYL&oh=5004a0358b4a3e2698f522669d81dd16&oe=5EA8D1C5,0,0,0,1,0,0,0,0,0,0,0,0,1,0,0,0,0
https://instagram.ficn2-1.fna.fbcdn.net/v/t51.2885-15/e35/78829110_495510471323000_311916635817712784_n.jpg?_nc_ht=instagram.ficn2-1.fna.fbcdn.net&_nc_cat=108&_nc_ohc=seM6xcesH3cAX9xmlrE&oh=134355cfeef41a24462cf1ea044a0467&oe=5E07F71B,0,0,0,0,0,0,0,0,0,0,0,0,0,0,0,0,0
https://instagram.ficn2-1.fna.fbcdn.net/v/t51.2885-15/e35/73254681_246632922975667_318238447262372656_n.jpg?_nc_ht=instagram.ficn2-1.fna.fbcdn.net&_nc_cat=107&_nc_ohc=eZHyFfgsnW4AX9vT3JP&oh=39dc48c0651215b55088491d5aca43b1&oe=5E0861D9,0,0,0,0,0,0,0,0,0,0,0,0,0,0,0,0,0
https://instagram.ficn2-1.fna.fbcdn.net/v/t51.2885-15/e35/s1080x1080/79626791_282828926009415_6385811693766748615_n.jpg?_nc_ht=instagram.ficn2-1.fna.fbcdn.net&_nc_cat=103&_nc_ohc=HkGXH0-4gV8AX-QA-iL&oh=31621fa6d9f1a9b23367cd9728bc9e2f&oe=5EA05F1E,0,0,0,0,0,0,0,0,0,0,0,0,0,0,0,0,0
https://instagram.ficn2-1.fna.fbcdn.net/v/t51.2885-15/e35/81581821_160244951960401_3095465481896946338_n.jpg?_nc_ht=instagram.ficn2-1.fna.fbcdn.net&_nc_cat=101&_nc_ohc=5hYri-ZhIJMAX8KtLQK&oh=db392392a9e7924f5ea196b4bc7dd57f&oe=5EB361C6,0,0,0,0,0,0,0,0,0,0,0,0,0,0,0,0,0
https://instagram.ficn2-1.fna.fbcdn.net/v/t51.2885-15/e35/70797056_526983001358088_5110043721826480964_n.jpg?_nc_ht=instagram.ficn2-1.fna.fbcdn.net&_nc_cat=100&_nc_ohc=jzwoRUjOSNsAX9cerdN&oh=816a636864c6a5c66ac4b67ee4aba2e5&oe=5EAC90F1,1,0,0,0,0,0,0,0,1,0,0,0,1,0,0,0,0
https://instagram.ficn2-1.fna.fbcdn.net/v/t51.2885-15/e35/80020904_487289328572448_5819139453949880444_n.jpg?_nc_ht=instagram.ficn2-1.fna.fbcdn.net&_nc_cat=100&_nc_ohc=l0mWKUHgNhkAX_oFcRP&oh=484179c2bd2d05bf496275081a6f369d&oe=5EB1DE4C,0,0,0,0,0,0,0,0,0,0,0,0,0,0,0,0,0
https://instagram.ficn2-1.fna.fbcdn.net/v/t51.2885-15/e35/77029981_842316356228648_2483559626989633195_n.jpg?_nc_ht=instagram.ficn2-1.fna.fbcdn.net&_nc_cat=108&_nc_ohc=uyTOx_4nNw8AX_RFGYG&oh=ea211edee96faeda7c1717de7efd900c&oe=5E9B953D,0,0,0,0,0,0,0,0,0,0,0,0,0,0,0,0,0
https://instagram.ficn2-1.fna.fbcdn.net/v/t51.2885-15/e35/p1080x1080/76794627_459989628257731_3862367900544453377_n.jpg?_nc_ht=instagram.ficn2-1.fna.fbcdn.net&_nc_cat=107&_nc_ohc=wVdkzhAae7cAX_eePN0&oh=5424070d6e19a591f67111f717fed17f&oe=5EA5AA52,1,0,0,0,0,0,0,0,0,0,0,0,0,0,0,0,0
https://instagram.ficn2-1.fna.fbcdn.net/v/t51.2885-15/e35/76913120_172574227157379_2976963906116380299_n.jpg?_nc_ht=instagram.ficn2-1.fna.fbcdn.net&_nc_cat=103&_nc_ohc=wJDKntpnS2AAX_DvIpx&oh=c7837bdcca78f96c0b020b0a41e8baa3&oe=5E982194,0,0,0,0,0,0,0,0,0,0,0,0,0,0,0,0,0
https://instagram.ficn2-1.fna.fbcdn.net/v/t51.2885-15/e35/79156732_298999704367250_6263028555269566315_n.jpg?_nc_ht=instagram.ficn2-1.fna.fbcdn.net&_nc_cat=102&_nc_ohc=xvsHx-2cZLwAX-32cTh&oh=36761c118c11d107ccf5df6b00cafa6b&oe=5E8E3D61,0,0,0,0,0,0,0,0,0,0,0,0,0,0,0,0,0
https://instagram.ficn2-1.fna.fbcdn.net/v/t51.2885-15/e35/s1080x1080/78707676_2199118637060727_1498454361705884538_n.jpg?_nc_ht=instagram.ficn2-1.fna.fbcdn.net&_nc_cat=103&_nc_ohc=9Pkd6q5l79AAX-qDS-M&oh=0b1d2e7512e291fc977ed98f0c60ca28&oe=5E987886,0,0,0,0,0,0,0,0,0,0,0,0,0,0,0,0,0
https://instagram.ficn2-1.fna.fbcdn.net/v/t51.2885-15/e35/p1080x1080/77391111_210170839990169_7441224882213191270_n.jpg?_nc_ht=instagram.ficn2-1.fna.fbcdn.net&_nc_cat=1&_nc_ohc=2HO6-8CLaPcAX8JBKSi&oh=329b942d84b7aafeea233828d7effb6b&oe=5E995B5F,0,0,0,0,0,0,0,0,0,0,0,0,0,0,0,0,0
https://instagram.ficn2-1.fna.fbcdn.net/v/t51.2885-15/e35/79349582_141608120592787_5813568381484601123_n.jpg?_nc_ht=instagram.ficn2-1.fna.fbcdn.net&_nc_cat=1&_nc_ohc=64EslFmctLcAX_gzwZa&oh=24061c62b96cceb561e80c49f927cb63&oe=5E0862A9,0,0,0,0,0,0,0,0,0,0,0,0,0,0,0,0,0
https://instagram.ficn2-1.fna.fbcdn.net/v/t51.2885-15/e35/79387164_278654299761387_7256459777578321323_n.jpg?_nc_ht=instagram.ficn2-1.fna.fbcdn.net&_nc_cat=103&_nc_ohc=XOtT7mYtc9IAX_9lp7n&oh=785f504b6133e0ae69a86e41989d4ef8&oe=5E08554E,0,0,0,0,0,0,0,0,0,0,0,0,0,0,0,0,0
https://instagram.ficn2-1.fna.fbcdn.net/v/t51.2885-15/e35/79195363_953212388383216_5787167547202891771_n.jpg?_nc_ht=instagram.ficn2-1.fna.fbcdn.net&_nc_cat=104&_nc_ohc=O-unCIghiZIAX8R-aXX&oh=b2447239836fd5741436c0a7b6b55db3&oe=5E9CE3D1,0,0,0,0,0,0,0,0,0,0,0,1,0,0,0,0,0
https://instagram.ficn2-1.fna.fbcdn.net/v/t51.2885-15/e35/78929768_184418466071989_7859078529486033678_n.jpg?_nc_ht=instagram.ficn2-1.fna.fbcdn.net&_nc_cat=101&_nc_ohc=DYd_Ko-yWjQAX8UP_kY&oh=ad1f334e7133613aeb2af5b4935738e6&oe=5EA57D05,0,0,0,0,0,0,1,0,0,0,0,0,0,0,0,0,0
https://instagram.ficn2-1.fna.fbcdn.net/v/t51.2885-15/e35/77262009_1458688730947925_3126953199439072377_n.jpg?_nc_ht=instagram.ficn2-1.fna.fbcdn.net&_nc_cat=105&_nc_ohc=7BL85wU6lb0AX9EpEy0&oh=b795b40feffe1d44858f011c5e7a5241&oe=5E8F08A9,0,0,0,0,0,0,1,0,0,0,0,0,0,0,0,0,0









































































































































































































































































































































































































































































































































































































































































































































































































































































